<?xml version="1.0" encoding="UTF-8"?>
<beans xmlns="http://www.springframework.org/schema/beans"
	xmlns:xsi="http://www.w3.org/2001/XMLSchema-instance"
	xmlns:context="http://www.springframework.org/schema/context"
	xmlns:jpa="http://www.springframework.org/schema/data/jpa"
	xmlns:tx="http://www.springframework.org/schema/tx"
	xsi:schemaLocation="http://www.springframework.org/schema/beans http://www.springframework.org/schema/beans/spring-beans.xsd
		http://www.springframework.org/schema/context http://www.springframework.org/schema/context/spring-context-4.3.xsd
		http://www.springframework.org/schema/data/jpa http://www.springframework.org/schema/data/jpa/spring-jpa-1.8.xsd
		http://www.springframework.org/schema/tx http://www.springframework.org/schema/tx/spring-tx-4.3.xsd">
   <context:component-scan base-package="com.cg.payroll"></context:component-scan>
<context:annotation-config/>
<tx:annotation-driven transaction-manager="transactionManager"/>
<jpa:repositories base-package="com.cg.payroll.daoservices" entity-manager-factory-ref="entityMangerFactory"></jpa:repositories>
<bean id="dataSource" class="org.springframework.jdbc.datasource.DriverManagerDataSource">
 <property name="driverClassName" value="oracle.jdbc.driver.OracleDriver" />
            <property name="url" value="jdbc:oracle:thin:@localhost:1521:xe" />
            <property name="username" value="System" />
            <property name="password" value="Capgemini123" />
</bean>
<bean id="jpaVendorAdapter" class="org.springframework.orm.jpa.vendor.HibernateJpaVendorAdapter"/>
<bean id="jpaDialect" class="org.springframework.orm.jpa.vendor.HibernateJpaDialect"/>
<bean id="entityMangerFactory" class="org.springframework.orm.jpa.LocalContainerEntityManagerFactoryBean">
<property name="dataSource" ref="dataSource"></property>
<property name="jpaVendorAdapter" ref="jpaVendorAdapter"></property>
<property name="jpaDialect" ref="jpaDialect"></property>
<property name="packagesToScan" value="com.cg.payroll.beans"></property>
<property name="jpaProperties" >
<props>
	 <prop key="hibernate.hbm2ddl.auto" >update</prop>
            <prop key="hibernate.show_sql" >true</prop>
            <prop key="hibernate.dialect" >org.hibernate.dialect.OracleDialect</prop>
</props>
</property>
</bean>

<bean id="transactionManager" class="org.springframework.orm.jpa.JpaTransactionManager">
<property name="entityManagerFactory" ref="entityMangerFactory"></property>
<property name="dataSource" ref="dataSource"></property>
<property name="jpaDialect" ref="jpaDialect"></property>

</bean>

</beans>
